well,rows,known_rows,eval_rows,known_fraction,gr_nonnull_fraction,tvt_range
000d7d20,5278,1442,3836,0.27320954907161804,0.5721864342553997,520.1000000000004
00bbac68,7559,1545,6014,0.20439211535917448,0.8753803413149888,833.380000000001
00e12e8b,6384,2083,4301,0.32628446115288223,0.9085213032581454,1010.4599999999991
015fe0d2,5950,1654,4296,0.2779831932773109,0.7457142857142857,524.2700000000004
